时间,开盘,最高,最低,收盘
2025-08-14 09:30:00,100,100.01,99.83,99.88
2025-08-14 09:31:00,99.88,101.53,99.73,100.95
2025-08-14 09:32:00,100.95,102.62,100.19,102.5
2025-08-14 09:33:00,102.5,102.55,102.32,102.35
2025-08-14 09:34:00,102.35,102.4,101.23,101.66
2025-08-14 09:35:00,101.66,103.67,101.51,103.0
2025-08-14 09:36:00,103.0,103.04,102.79,102.82
2025-08-14 09:37:00,102.82,103.37,102.69,103.35
2025-08-14 09:38:00,103.35,103.97,103.24,103.93
2025-08-14 09:39:00,103.93,104.31,101.8,102.55
2025-08-14 09:40:00,102.55,102.59,102.4,102.46
2025-08-14 09:41:00,102.46,104.45,101.96,103.61
2025-08-14 09:42:00,103.61,103.7,103.32,103.44
2025-08-14 09:43:00,103.44,104.28,103.24,104.1
2025-08-14 09:44:00,104.1,105.56,103.63,104.94
2025-08-14 09:45:00,104.94,106.02,104.66,105.51
2025-08-14 09:46:00,105.51,105.64,103.65,104.24
2025-08-14 09:47:00,104.24,104.32,103.89,103.99
2025-08-14 09:48:00,103.99,105.61,103.67,105.0
2025-08-14 09:49:00,105.0,105.04,104.79,104.8
2025-08-14 09:50:00,104.8,105.0,104.73,105.0
2025-08-14 09:51:00,105.0,105.07,103.18,103.32
2025-08-14 09:52:00,103.32,104.58,103.0,104.29
2025-08-14 09:53:00,104.29,104.54,101.76,102.66
2025-08-14 09:54:00,102.66,105.09,101.84,104.54
2025-08-14 09:55:00,104.54,105.42,100.62,102.45
2025-08-14 09:56:00,102.45,102.54,101.61,101.93
2025-08-14 09:57:00,101.93,103.22,101.64,103.18
2025-08-14 09:58:00,103.18,103.74,103.05,103.65
2025-08-14 09:59:00,103.65,104.0,101.8,102.28
2025-08-14 10:00:00,102.28,102.45,101.59,101.72
2025-08-14 10:01:00,101.72,101.91,100.43,100.84
2025-08-14 10:02:00,100.84,101.94,100.51,101.67
2025-08-14 10:03:00,101.67,103.25,101.56,102.79
2025-08-14 10:04:00,102.79,103.74,102.7,103.31
2025-08-14 10:05:00,103.31,103.32,103.22,103.25
2025-08-14 10:06:00,103.25,104.92,103.01,104.42
2025-08-14 10:07:00,104.42,104.43,104.38,104.39
2025-08-14 10:08:00,104.39,104.45,102.39,102.43
2025-08-14 10:09:00,102.43,102.59,100.16,100.44
2025-08-14 10:10:00,100.44,101.22,97.88,98.62
2025-08-14 10:11:00,98.62,98.74,97.86,98.06
2025-08-14 10:12:00,98.06,98.15,95.62,96.21
2025-08-14 10:13:00,96.21,96.37,94.67,95.06
2025-08-14 10:14:00,95.06,97.23,94.38,96.7
2025-08-14 10:15:00,96.7,97.79,96.58,97.47
2025-08-14 10:16:00,97.47,99.98,96.99,99.15
2025-08-14 10:17:00,99.15,100.28,98.96,100.07
2025-08-14 10:18:00,100.07,100.07,99.98,100.01
2025-08-14 10:19:00,100.01,101.39,99.97,100.83
2025-08-14 10:20:00,100.83,101.07,100.03,100.37
2025-08-14 10:21:00,100.37,100.58,99.48,99.81
2025-08-14 10:22:00,99.81,99.91,98.83,99.15
2025-08-14 10:23:00,99.15,99.38,96.39,97.3
2025-08-14 10:24:00,97.3,97.38,95.13,95.54
2025-08-14 10:25:00,95.54,95.64,94.61,94.88
2025-08-14 10:26:00,94.88,96.44,94.69,95.76
2025-08-14 10:27:00,95.76,98.28,95.53,97.11
2025-08-14 10:28:00,97.11,97.5,94.88,95.59
2025-08-14 10:29:00,95.59,95.61,95.18,95.34
2025-08-14 10:30:00,95.34,95.89,95.22,95.84
2025-08-14 10:31:00,95.84,95.95,95.31,95.49
2025-08-14 10:32:00,95.49,95.65,94.82,94.82
2025-08-14 10:33:00,94.82,95.24,92.41,93.45
2025-08-14 10:34:00,93.45,93.46,91.93,92.09
2025-08-14 10:35:00,92.09,92.1,91.56,91.72
2025-08-14 10:36:00,91.72,92.07,89.76,90.36
2025-08-14 10:37:00,90.36,90.54,90.33,90.47
2025-08-14 10:38:00,90.47,90.56,88.91,89.15
2025-08-14 10:39:00,89.15,91.79,88.34,90.72
2025-08-14 10:40:00,90.72,92.37,90.45,91.72
2025-08-14 10:41:00,91.72,92.51,91.57,92.43
2025-08-14 10:42:00,92.43,92.65,90.2,90.76
2025-08-14 10:43:00,90.76,90.95,89.76,89.95
2025-08-14 10:44:00,89.95,92.26,89.91,91.58
2025-08-14 10:45:00,91.58,93.97,91.32,93.0
2025-08-14 10:46:00,93.0,93.2,91.4,91.94
2025-08-14 10:47:00,91.94,94.74,91.26,93.76
2025-08-14 10:48:00,93.76,93.77,93.26,93.37
2025-08-14 10:49:00,93.37,95.01,93.1,94.62
2025-08-14 10:50:00,94.62,94.63,94.54,94.56
2025-08-14 10:51:00,94.56,95.51,94.45,95.38
2025-08-14 10:52:00,95.38,96.13,93.36,93.74
2025-08-14 10:53:00,93.74,93.76,91.9,92.58
2025-08-14 10:54:00,92.58,92.77,91.99,92.06
2025-08-14 10:55:00,92.06,92.49,91.92,92.39
2025-08-14 10:56:00,92.39,92.69,90.68,91.28
2025-08-14 10:57:00,91.28,93.02,90.88,92.57
2025-08-14 10:58:00,92.57,92.94,90.55,91.43
2025-08-14 10:59:00,91.43,91.94,89.23,90.11
2025-08-14 11:00:00,90.11,90.58,88.32,88.54
2025-08-14 11:01:00,88.54,88.92,88.52,88.82
2025-08-14 11:02:00,88.82,90.4,88.7,90.17
2025-08-14 11:03:00,90.17,90.19,89.82,89.83
2025-08-14 11:04:00,89.83,89.98,88.76,88.88
2025-08-14 11:05:00,88.88,88.92,88.48,88.58
2025-08-14 11:06:00,88.58,88.78,87.29,87.59
2025-08-14 11:07:00,87.59,88.33,87.58,88.25
2025-08-14 11:08:00,88.25,89.72,87.79,89.21
2025-08-14 11:09:00,89.21,91.27,89.15,90.55
2025-08-14 11:10:00,90.55,93.28,90.19,92.34
2025-08-14 11:11:00,92.34,92.41,91.76,91.9
2025-08-14 11:12:00,91.9,93.39,91.88,92.87
2025-08-14 11:13:00,92.87,94.45,92.78,94.02
2025-08-14 11:14:00,94.02,94.14,93.66,93.77
2025-08-14 11:15:00,93.77,95.82,93.19,95.12
2025-08-14 11:16:00,95.12,95.13,95.12,95.13
2025-08-14 11:17:00,95.13,95.15,94.78,94.93
2025-08-14 11:18:00,94.93,95.2,92.76,93.56
2025-08-14 11:19:00,93.56,94.05,93.5,93.86
2025-08-14 11:20:00,93.86,94.41,92.35,92.91
2025-08-14 11:21:00,92.91,93.32,90.83,91.36
2025-08-14 11:22:00,91.36,91.42,90.36,90.44
2025-08-14 11:23:00,90.44,90.61,90.44,90.6
2025-08-14 11:24:00,90.6,91.34,90.44,91.3
2025-08-14 11:25:00,91.3,91.53,89.55,89.83
2025-08-14 11:26:00,89.83,90.8,89.53,90.67
2025-08-14 11:27:00,90.67,92.25,90.08,92.23
2025-08-14 11:28:00,92.23,93.8,91.78,93.53
2025-08-14 11:29:00,93.53,94.44,93.46,94.2
2025-08-14 11:30:00,94.2,94.24,93.68,93.87
2025-08-14 11:31:00,93.87,94.0,93.12,93.3
2025-08-14 11:32:00,93.3,93.8,91.7,92.17
2025-08-14 11:33:00,92.17,93.64,91.92,93.11
2025-08-14 11:34:00,93.11,93.42,92.98,93.38
2025-08-14 11:35:00,93.38,95.64,93.0,95.04
2025-08-14 11:36:00,95.04,95.96,94.79,95.6
2025-08-14 11:37:00,95.6,96.44,95.55,96.36
2025-08-14 11:38:00,96.36,97.12,96.19,97.03
2025-08-14 11:39:00,97.03,98.05,96.82,97.78
2025-08-14 11:40:00,97.78,98.36,97.63,98.2
2025-08-14 11:41:00,98.2,98.47,98.14,98.41
2025-08-14 11:42:00,98.41,99.05,98.24,98.98
2025-08-14 11:43:00,98.98,100.87,98.88,100.5
2025-08-14 11:44:00,100.5,100.74,98.71,99.13
2025-08-14 11:45:00,99.13,101.89,98.73,100.91
2025-08-14 11:46:00,100.91,100.92,100.39,100.5
2025-08-14 11:47:00,100.5,101.48,100.33,101.06
2025-08-14 11:48:00,101.06,101.59,100.92,101.52
2025-08-14 11:49:00,101.52,103.16,101.42,103.08
2025-08-14 11:50:00,103.08,104.32,102.94,104.13
2025-08-14 11:51:00,104.13,104.19,100.77,102.22
2025-08-14 11:52:00,102.22,103.99,101.82,103.48
2025-08-14 11:53:00,103.48,105.49,103.2,105.32
2025-08-14 11:54:00,105.32,105.98,105.06,105.89
2025-08-14 11:55:00,105.89,107.9,105.8,107.32
2025-08-14 11:56:00,107.32,109.51,107.2,109.12
2025-08-14 11:57:00,109.12,109.45,106.97,107.7
2025-08-14 11:58:00,107.7,109.08,107.61,108.6
2025-08-14 11:59:00,108.6,108.7,105.84,106.95
2025-08-14 12:00:00,106.95,106.96,106.19,106.27
2025-08-14 12:01:00,106.27,108.82,105.82,107.92
2025-08-14 12:02:00,107.92,107.98,107.71,107.77
2025-08-14 12:03:00,107.77,107.96,107.0,107.02
2025-08-14 12:04:00,107.02,107.03,105.73,105.87
2025-08-14 12:05:00,105.87,106.2,104.16,104.66
2025-08-14 12:06:00,104.66,105.09,101.98,102.71
2025-08-14 12:07:00,102.71,103.21,100.41,101.02
2025-08-14 12:08:00,101.02,101.6,98.49,99.06
2025-08-14 12:09:00,99.06,99.58,96.76,97.09
2025-08-14 12:10:00,97.09,99.23,96.75,99.03
2025-08-14 12:11:00,99.03,101.28,98.85,100.84
2025-08-14 12:12:00,100.84,100.89,99.57,99.92
2025-08-14 12:13:00,99.92,99.99,98.92,99.13
2025-08-14 12:14:00,99.13,99.44,99.13,99.38
2025-08-14 12:15:00,99.38,99.46,98.75,99.01
2025-08-14 12:16:00,99.01,99.1,99.01,99.06
2025-08-14 12:17:00,99.06,101.39,98.84,101.01
2025-08-14 12:18:00,101.01,101.11,100.12,100.35
2025-08-14 12:19:00,100.35,102.03,99.89,101.79
2025-08-14 12:20:00,101.79,101.9,99.61,100.1
2025-08-14 12:21:00,100.1,100.18,98.77,99.16
2025-08-14 12:22:00,99.16,100.74,98.73,100.55
2025-08-14 12:23:00,100.55,101.58,100.48,101.25
2025-08-14 12:24:00,101.25,101.27,99.8,100.27
2025-08-14 12:25:00,100.27,101.43,99.94,101.09
2025-08-14 12:26:00,101.09,101.15,98.24,99.3
2025-08-14 12:27:00,99.3,101.62,98.69,100.66
2025-08-14 12:28:00,100.66,101.21,97.99,98.83
2025-08-14 12:29:00,98.83,98.89,97.97,98.26
2025-08-14 12:30:00,98.26,98.67,96.43,97.23
2025-08-14 12:31:00,97.23,99.17,96.95,98.73
2025-08-14 12:32:00,98.73,99.53,98.71,99.19
2025-08-14 12:33:00,99.19,101.67,98.86,100.77
2025-08-14 12:34:00,100.77,102.87,100.37,102.18
2025-08-14 12:35:00,102.18,102.21,102.18,102.2
2025-08-14 12:36:00,102.2,102.43,100.13,100.5
2025-08-14 12:37:00,100.5,100.62,99.07,99.42
2025-08-14 12:38:00,99.42,102.01,99.27,101.18
2025-08-14 12:39:00,101.18,104.07,100.9,103.19
2025-08-14 12:40:00,103.19,103.26,101.73,102.16
2025-08-14 12:41:00,102.16,103.91,101.73,103.66
2025-08-14 12:42:00,103.66,103.71,102.93,103.13
2025-08-14 12:43:00,103.13,103.23,100.59,101.07
2025-08-14 12:44:00,101.07,101.15,100.67,100.81
2025-08-14 12:45:00,100.81,102.89,100.34,102.19
2025-08-14 12:46:00,102.19,102.35,100.02,100.77
2025-08-14 12:47:00,100.77,101.49,100.69,101.33
2025-08-14 12:48:00,101.33,103.68,100.8,102.96
2025-08-14 12:49:00,102.96,103.64,102.83,103.45
2025-08-14 12:50:00,103.45,103.88,103.34,103.76
2025-08-14 12:51:00,103.76,106.0,103.74,105.57
2025-08-14 12:52:00,105.57,108.18,105.5,107.66
2025-08-14 12:53:00,107.66,108.07,104.4,105.63
2025-08-14 12:54:00,105.63,105.79,104.38,104.5
2025-08-14 12:55:00,104.5,105.55,104.34,105.21
2025-08-14 12:56:00,105.21,105.63,105.2,105.45
2025-08-14 12:57:00,105.45,107.54,105.07,107.12
2025-08-14 12:58:00,107.12,107.96,107.08,107.71
2025-08-14 12:59:00,107.71,108.98,107.45,108.56
2025-08-14 13:00:00,108.56,110.28,108.08,109.74
2025-08-14 13:01:00,109.74,111.87,109.17,111.18
2025-08-14 13:02:00,111.18,111.36,108.98,109.01
2025-08-14 13:03:00,109.01,109.87,106.05,107.2
2025-08-14 13:04:00,107.2,107.44,105.75,106.21
2025-08-14 13:05:00,106.21,106.38,105.48,105.75
2025-08-14 13:06:00,105.75,106.01,104.68,104.87
2025-08-14 13:07:00,104.87,107.02,104.35,106.19
2025-08-14 13:08:00,106.19,109.03,105.36,108.19
2025-08-14 13:09:00,108.19,109.59,108.03,109.35
2025-08-14 13:10:00,109.35,109.66,108.08,108.48
2025-08-14 13:11:00,108.48,109.21,106.94,107.07
2025-08-14 13:12:00,107.07,110.37,106.56,109.12
2025-08-14 13:13:00,109.12,109.96,105.36,107.03
2025-08-14 13:14:00,107.03,108.04,106.82,107.61
2025-08-14 13:15:00,107.61,110.25,106.98,109.08
2025-08-14 13:16:00,109.08,109.11,108.87,108.93
2025-08-14 13:17:00,108.93,109.69,108.73,109.62
2025-08-14 13:18:00,109.62,109.64,109.37,109.39
2025-08-14 13:19:00,109.39,112.36,108.95,111.19
2025-08-14 13:20:00,111.19,112.89,110.99,112.38
2025-08-14 13:21:00,112.38,113.61,112.34,113.05
2025-08-14 13:22:00,113.05,113.77,112.9,113.63
2025-08-14 13:23:00,113.63,114.71,113.37,114.51
2025-08-14 13:24:00,114.51,114.91,112.32,112.77
2025-08-14 13:25:00,112.77,114.85,112.75,114.4
2025-08-14 13:26:00,114.4,114.51,113.78,113.88
2025-08-14 13:27:00,113.88,113.93,112.83,113.08
2025-08-14 13:28:00,113.08,113.37,113.05,113.32
2025-08-14 13:29:00,113.32,113.97,111.43,111.51
2025-08-14 13:30:00,111.51,112.13,111.47,112.0
2025-08-14 13:31:00,112.0,112.29,110.64,111.21
2025-08-14 13:32:00,111.21,113.34,110.23,113.26
2025-08-14 13:33:00,113.26,115.8,112.53,114.82
2025-08-14 13:34:00,114.82,115.04,114.79,114.96
2025-08-14 13:35:00,114.96,117.01,114.86,116.62
2025-08-14 13:36:00,116.62,117.13,116.54,117.02
2025-08-14 13:37:00,117.02,117.05,115.67,116.28
2025-08-14 13:38:00,116.28,116.28,116.1,116.14
2025-08-14 13:39:00,116.14,116.92,115.99,116.72
2025-08-14 13:40:00,116.72,116.84,116.3,116.35
2025-08-14 13:41:00,116.35,116.39,115.95,116.13
2025-08-14 13:42:00,116.13,117.78,116.12,117.21
2025-08-14 13:43:00,117.21,117.88,113.87,115.29
2025-08-14 13:44:00,115.29,115.3,113.22,113.67
2025-08-14 13:45:00,113.67,113.69,112.96,113.05
2025-08-14 13:46:00,113.05,113.63,110.77,111.1
2025-08-14 13:47:00,111.1,111.62,111.0,111.46
2025-08-14 13:48:00,111.46,111.48,110.76,110.97
2025-08-14 13:49:00,110.97,112.24,110.88,111.78
2025-08-14 13:50:00,111.78,112.56,109.14,109.62
2025-08-14 13:51:00,109.62,109.75,109.59,109.7
2025-08-14 13:52:00,109.7,109.72,107.41,107.86
2025-08-14 13:53:00,107.86,109.65,107.8,109.25
2025-08-14 13:54:00,109.25,110.55,108.96,110.28
2025-08-14 13:55:00,110.28,111.2,110.05,110.95
2025-08-14 13:56:00,110.95,112.8,110.66,112.49
2025-08-14 13:57:00,112.49,113.26,110.49,110.52
2025-08-14 13:58:00,110.52,110.91,107.85,108.89
2025-08-14 13:59:00,108.89,109.0,106.22,106.91
2025-08-14 14:00:00,106.91,109.25,106.69,109.03
2025-08-14 14:01:00,109.03,109.42,107.62,108.15
2025-08-14 14:02:00,108.15,111.69,107.96,110.16
2025-08-14 14:03:00,110.16,110.84,107.55,108.17
2025-08-14 14:04:00,108.17,110.3,108.04,109.79
2025-08-14 14:05:00,109.79,110.15,109.71,109.98
2025-08-14 14:06:00,109.98,110.26,108.8,109.02
2025-08-14 14:07:00,109.02,109.77,108.9,109.57
2025-08-14 14:08:00,109.57,109.78,109.54,109.75
2025-08-14 14:09:00,109.75,109.83,108.44,108.98
2025-08-14 14:10:00,108.98,109.45,108.87,109.41
2025-08-14 14:11:00,109.41,111.47,109.41,110.78
2025-08-14 14:12:00,110.78,112.07,110.53,111.72
2025-08-14 14:13:00,111.72,112.36,109.63,110.07
2025-08-14 14:14:00,110.07,110.94,109.76,110.91
2025-08-14 14:15:00,110.91,111.01,110.88,110.99
2025-08-14 14:16:00,110.99,111.77,110.86,111.42
2025-08-14 14:17:00,111.42,112.57,111.33,112.2
2025-08-14 14:18:00,112.2,112.33,109.67,110.17
2025-08-14 14:19:00,110.17,110.97,107.81,108.06
2025-08-14 14:20:00,108.06,108.46,105.66,106.47
2025-08-14 14:21:00,106.47,108.49,105.98,108.15
2025-08-14 14:22:00,108.15,108.36,106.14,106.56
2025-08-14 14:23:00,106.56,107.24,106.49,107.06
2025-08-14 14:24:00,107.06,107.19,105.37,106.04
2025-08-14 14:25:00,106.04,106.91,103.58,104.08
2025-08-14 14:26:00,104.08,105.52,103.94,105.01
2025-08-14 14:27:00,105.01,106.11,104.76,105.85
2025-08-14 14:28:00,105.85,106.16,104.34,104.65
2025-08-14 14:29:00,104.65,105.22,102.75,103.55
2025-08-14 14:30:00,103.55,106.63,103.17,105.59
2025-08-14 14:31:00,105.59,107.95,105.46,107.35
2025-08-14 14:32:00,107.35,107.4,107.07,107.14
2025-08-14 14:33:00,107.14,109.57,106.83,108.78
2025-08-14 14:34:00,108.78,109.07,107.5,107.58
2025-08-14 14:35:00,107.58,107.98,107.57,107.82
2025-08-14 14:36:00,107.82,108.04,105.87,106.5
2025-08-14 14:37:00,106.5,106.67,105.17,105.55
2025-08-14 14:38:00,105.55,105.76,105.46,105.75
2025-08-14 14:39:00,105.75,105.98,105.75,105.93
2025-08-14 14:40:00,105.93,107.51,105.85,107.32
2025-08-14 14:41:00,107.32,109.4,106.74,109.0
2025-08-14 14:42:00,109.0,109.67,108.97,109.46
2025-08-14 14:43:00,109.46,109.93,109.35,109.8
2025-08-14 14:44:00,109.8,112.57,109.43,111.8
2025-08-14 14:45:00,111.8,112.96,111.64,112.46
2025-08-14 14:46:00,112.46,113.57,111.87,113.57
2025-08-14 14:47:00,113.57,114.46,110.09,111.5
2025-08-14 14:48:00,111.5,113.03,110.86,112.93
2025-08-14 14:49:00,112.93,113.16,110.63,111.64
2025-08-14 14:50:00,111.64,111.73,109.68,109.92
2025-08-14 14:51:00,109.92,110.06,109.89,110.03
2025-08-14 14:52:00,110.03,112.46,109.64,111.71
2025-08-14 14:53:00,111.71,112.14,108.99,110.13
2025-08-14 14:54:00,110.13,112.93,109.41,112.28
2025-08-14 14:55:00,112.28,112.32,112.28,112.31
2025-08-14 14:56:00,112.31,112.33,112.1,112.12
2025-08-14 14:57:00,112.12,112.17,110.53,110.68
2025-08-14 14:58:00,110.68,110.78,110.68,110.74
2025-08-14 14:59:00,110.74,110.8,107.59,108.83
2025-08-14 15:00:00,108.83,112.2,108.16,110.69
2025-08-14 15:01:00,110.69,111.54,110.47,111.36
2025-08-14 15:02:00,111.36,113.18,111.22,112.43
2025-08-14 15:03:00,112.43,112.61,109.91,110.4
2025-08-14 15:04:00,110.4,110.42,110.34,110.36
2025-08-14 15:05:00,110.36,113.84,110.15,112.55
2025-08-14 15:06:00,112.55,112.57,112.48,112.49
2025-08-14 15:07:00,112.49,112.52,111.54,111.92
2025-08-14 15:08:00,111.92,112.05,109.46,110.25
2025-08-14 15:09:00,110.25,110.3,108.38,109.05
2025-08-14 15:10:00,109.05,109.16,108.25,108.49
2025-08-14 15:11:00,108.49,110.17,108.47,109.73
2025-08-14 15:12:00,109.73,111.37,109.33,111.06
2025-08-14 15:13:00,111.06,111.08,109.07,109.08
2025-08-14 15:14:00,109.08,111.49,108.35,110.5
2025-08-14 15:15:00,110.5,112.99,109.97,112.23
2025-08-14 15:16:00,112.23,112.41,111.19,111.69
2025-08-14 15:17:00,111.69,111.82,111.16,111.37
2025-08-14 15:18:00,111.37,111.84,111.2,111.76
2025-08-14 15:19:00,111.76,112.66,111.66,112.39
2025-08-14 15:20:00,112.39,113.98,112.29,113.24
2025-08-14 15:21:00,113.24,113.24,112.77,112.8
2025-08-14 15:22:00,112.8,112.88,112.22,112.25
2025-08-14 15:23:00,112.25,112.47,112.25,112.42
2025-08-14 15:24:00,112.42,115.56,111.9,114.49
2025-08-14 15:25:00,114.49,114.64,111.88,112.39
2025-08-14 15:26:00,112.39,112.62,111.12,111.14
2025-08-14 15:27:00,111.14,114.73,110.67,113.2
2025-08-14 15:28:00,113.2,115.88,113.05,115.05
2025-08-14 15:29:00,115.05,116.81,114.96,116.18
2025-08-14 15:30:00,116.18,116.38,114.81,115.17
2025-08-14 15:31:00,115.17,116.17,115.0,115.69
2025-08-14 15:32:00,115.69,115.79,115.29,115.37
2025-08-14 15:33:00,115.37,116.66,115.04,116.23
2025-08-14 15:34:00,116.23,117.12,116.13,116.94
2025-08-14 15:35:00,116.94,117.34,116.9,117.21
2025-08-14 15:36:00,117.21,117.47,116.08,116.48
2025-08-14 15:37:00,116.48,117.07,116.47,116.93
2025-08-14 15:38:00,116.93,117.17,116.81,117.15
2025-08-14 15:39:00,117.15,117.23,116.15,116.55
2025-08-14 15:40:00,116.55,118.68,115.97,118.09
2025-08-14 15:41:00,118.09,118.37,116.94,117.03
2025-08-14 15:42:00,117.03,119.06,116.99,118.75
2025-08-14 15:43:00,118.75,118.83,117.98,118.13
2025-08-14 15:44:00,118.13,118.36,117.14,117.55
2025-08-14 15:45:00,117.55,119.34,117.42,118.64
2025-08-14 15:46:00,118.64,119.26,115.69,116.67
2025-08-14 15:47:00,116.67,117.0,116.58,116.93
2025-08-14 15:48:00,116.93,117.66,116.67,117.51
2025-08-14 15:49:00,117.51,117.9,117.34,117.83
2025-08-14 15:50:00,117.83,117.9,117.36,117.49
2025-08-14 15:51:00,117.49,119.66,116.86,118.74
2025-08-14 15:52:00,118.74,121.44,118.33,120.55
2025-08-14 15:53:00,120.55,122.06,120.19,122.02
2025-08-14 15:54:00,122.02,122.43,119.93,120.45
2025-08-14 15:55:00,120.45,120.45,119.49,119.57
2025-08-14 15:56:00,119.57,119.65,119.56,119.64
2025-08-14 15:57:00,119.64,119.69,118.97,119.09
2025-08-14 15:58:00,119.09,119.4,116.22,117.28
2025-08-14 15:59:00,117.28,119.21,116.9,118.43
2025-08-14 16:00:00,118.43,118.65,117.32,117.57
2025-08-14 16:01:00,117.57,120.29,117.36,119.34
2025-08-14 16:02:00,119.34,119.68,117.0,117.66
2025-08-14 16:03:00,117.66,120.21,117.29,119.65
2025-08-14 16:04:00,119.65,120.41,119.43,120.24
2025-08-14 16:05:00,120.24,120.79,117.8,118.47
2025-08-14 16:06:00,118.47,120.4,117.94,120.24
2025-08-14 16:07:00,120.24,120.34,119.99,120.02
2025-08-14 16:08:00,120.02,120.21,119.15,119.49
2025-08-14 16:09:00,119.49,119.56,118.57,118.71
2025-08-14 16:10:00,118.71,119.22,116.21,117.08
2025-08-14 16:11:00,117.08,119.78,116.83,119.32
2025-08-14 16:12:00,119.32,120.39,119.12,120.04
2025-08-14 16:13:00,120.04,121.09,119.64,120.86
2025-08-14 16:14:00,120.86,121.68,120.67,121.6
2025-08-14 16:15:00,121.6,124.06,120.99,123.9
2025-08-14 16:16:00,123.9,124.0,122.76,123.0
2025-08-14 16:17:00,123.0,123.15,121.5,121.93
2025-08-14 16:18:00,121.93,122.22,119.76,120.53
2025-08-14 16:19:00,120.53,120.85,118.59,119.18
2025-08-14 16:20:00,119.18,119.57,119.1,119.56
2025-08-14 16:21:00,119.56,120.23,119.52,120.1
2025-08-14 16:22:00,120.1,120.56,118.36,119.0
2025-08-14 16:23:00,119.0,119.01,118.5,118.68
2025-08-14 16:24:00,118.68,118.97,118.62,118.94
2025-08-14 16:25:00,118.94,119.24,117.23,117.82
2025-08-14 16:26:00,117.82,118.23,115.53,116.38
2025-08-14 16:27:00,116.38,116.62,113.46,114.36
2025-08-14 16:28:00,114.36,117.77,114.2,116.23
2025-08-14 16:29:00,116.23,117.66,116.09,117.06
2025-08-14 16:30:00,117.06,117.33,115.25,115.83
2025-08-14 16:31:00,115.83,115.89,113.51,113.69
2025-08-14 16:32:00,113.69,113.72,113.52,113.6
2025-08-14 16:33:00,113.6,113.93,110.9,112.03
2025-08-14 16:34:00,112.03,112.08,111.76,111.86
2025-08-14 16:35:00,111.86,113.35,111.72,112.84
2025-08-14 16:36:00,112.84,113.94,112.79,113.68
2025-08-14 16:37:00,113.68,114.07,111.97,112.64
2025-08-14 16:38:00,112.64,114.6,111.9,114.06
2025-08-14 16:39:00,114.06,114.66,113.99,114.52
2025-08-14 16:40:00,114.52,116.46,114.39,116.11
2025-08-14 16:41:00,116.11,116.89,115.93,116.77
2025-08-14 16:42:00,116.77,117.98,116.76,117.62
2025-08-14 16:43:00,117.62,120.08,116.84,119.34
2025-08-14 16:44:00,119.34,119.59,119.27,119.5
2025-08-14 16:45:00,119.5,123.63,118.96,121.58
2025-08-14 16:46:00,121.58,123.56,121.53,123.05
2025-08-14 16:47:00,123.05,123.23,121.84,122.11
2025-08-14 16:48:00,122.11,124.8,121.51,123.67
2025-08-14 16:49:00,123.67,124.16,121.16,122.18
2025-08-14 16:50:00,122.18,122.78,121.99,122.68
2025-08-14 16:51:00,122.68,125.1,122.49,124.24
2025-08-14 16:52:00,124.24,124.59,124.2,124.59
2025-08-14 16:53:00,124.59,125.2,124.45,124.96
2025-08-14 16:54:00,124.96,125.12,123.53,123.54
2025-08-14 16:55:00,123.54,124.09,120.43,121.1
2025-08-14 16:56:00,121.1,121.19,119.97,120.15
2025-08-14 16:57:00,120.15,121.47,120.04,120.97
2025-08-14 16:58:00,120.97,123.78,120.23,122.7
2025-08-14 16:59:00,122.7,122.83,120.63,120.91
2025-08-14 17:00:00,120.91,121.65,120.85,121.41
2025-08-14 17:01:00,121.41,121.46,120.53,120.84
2025-08-14 17:02:00,120.84,122.86,120.75,122.52
2025-08-14 17:03:00,122.52,123.08,122.49,123.07
2025-08-14 17:04:00,123.07,123.28,120.33,120.65
2025-08-14 17:05:00,120.65,120.71,116.62,118.31
2025-08-14 17:06:00,118.31,118.68,117.25,117.28
2025-08-14 17:07:00,117.28,117.3,114.93,115.02
2025-08-14 17:08:00,115.02,115.03,112.81,113.63
2025-08-14 17:09:00,113.63,116.04,113.51,115.63
2025-08-14 17:10:00,115.63,115.84,114.1,114.73
2025-08-14 17:11:00,114.73,114.9,111.98,112.96
2025-08-14 17:12:00,112.96,115.2,112.85,114.44
2025-08-14 17:13:00,114.44,114.53,113.33,113.8
2025-08-14 17:14:00,113.8,114.1,110.59,111.95
2025-08-14 17:15:00,111.95,112.29,111.92,112.26
2025-08-14 17:16:00,112.26,115.22,112.1,114.2
2025-08-14 17:17:00,114.2,115.35,114.1,115.0
2025-08-14 17:18:00,115.0,115.52,112.92,113.68
2025-08-14 17:19:00,113.68,114.43,113.43,114.43
2025-08-14 17:20:00,114.43,117.19,114.38,115.96
2025-08-14 17:21:00,115.96,115.97,115.94,115.94
2025-08-14 17:22:00,115.94,115.95,113.38,114.11
2025-08-14 17:23:00,114.11,114.3,112.04,112.75
2025-08-14 17:24:00,112.75,112.76,109.63,110.9
2025-08-14 17:25:00,110.9,111.48,110.74,111.31
2025-08-14 17:26:00,111.31,114.08,110.64,113.43
2025-08-14 17:27:00,113.43,113.44,113.38,113.4
2025-08-14 17:28:00,113.4,113.44,113.4,113.42
2025-08-14 17:29:00,113.42,113.68,110.01,111.16
2025-08-14 17:30:00,111.16,111.91,108.32,109.18
2025-08-14 17:31:00,109.18,109.84,105.5,107.17
2025-08-14 17:32:00,107.17,108.29,106.92,108.2
2025-08-14 17:33:00,108.2,110.16,107.98,110.1
2025-08-14 17:34:00,110.1,112.89,109.63,112.12
2025-08-14 17:35:00,112.12,112.21,111.81,111.89
2025-08-14 17:36:00,111.89,112.37,109.44,110.11
2025-08-14 17:37:00,110.11,110.32,108.42,108.94
2025-08-14 17:38:00,108.94,110.69,108.85,110.57
2025-08-14 17:39:00,110.57,112.02,110.56,111.56
2025-08-14 17:40:00,111.56,111.94,109.86,110.48
2025-08-14 17:41:00,110.48,111.37,106.77,108.34
2025-08-14 17:42:00,108.34,108.44,106.74,107.32
2025-08-14 17:43:00,107.32,107.75,104.51,105.3
2025-08-14 17:44:00,105.3,106.67,105.2,106.16
2025-08-14 17:45:00,106.16,106.78,106.01,106.62
2025-08-14 17:46:00,106.62,106.7,105.78,106.04
2025-08-14 17:47:00,106.04,106.91,106.04,106.74
2025-08-14 17:48:00,106.74,106.81,105.22,105.53
2025-08-14 17:49:00,105.53,108.03,105.24,107.34
2025-08-14 17:50:00,107.34,107.58,105.19,105.73
2025-08-14 17:51:00,105.73,106.73,105.69,106.38
2025-08-14 17:52:00,106.38,108.82,106.12,107.88
2025-08-14 17:53:00,107.88,108.59,107.7,108.35
2025-08-14 17:54:00,108.35,108.35,108.21,108.24
2025-08-14 17:55:00,108.24,108.92,108.08,108.9
2025-08-14 17:56:00,108.9,108.9,108.87,108.88
2025-08-14 17:57:00,108.88,109.97,108.64,109.59
2025-08-14 17:58:00,109.59,109.64,108.3,108.78
2025-08-14 17:59:00,108.78,110.91,108.25,110.87
2025-08-14 18:00:00,110.87,113.33,110.68,112.91
2025-08-14 18:01:00,112.91,113.11,112.85,113.08
2025-08-14 18:02:00,113.08,113.16,113.06,113.14
2025-08-14 18:03:00,113.14,115.62,113.06,114.78
2025-08-14 18:04:00,114.78,114.95,113.38,113.96
2025-08-14 18:05:00,113.96,115.81,113.41,114.99
2025-08-14 18:06:00,114.99,115.03,114.98,115.02
2025-08-14 18:07:00,115.02,117.5,114.04,116.96
2025-08-14 18:08:00,116.96,117.95,116.9,117.77
2025-08-14 18:09:00,117.77,120.29,116.91,119.7
2025-08-14 18:10:00,119.7,119.9,119.69,119.89
2025-08-14 18:11:00,119.89,119.91,119.8,119.83
2025-08-14 18:12:00,119.83,120.02,116.53,117.58
2025-08-14 18:13:00,117.58,120.33,117.53,119.6
2025-08-14 18:14:00,119.6,119.64,119.39,119.49
2025-08-14 18:15:00,119.49,119.92,116.12,117.67
2025-08-14 18:16:00,117.67,117.75,117.36,117.37
2025-08-14 18:17:00,117.37,119.22,117.35,118.66
2025-08-14 18:18:00,118.66,118.74,118.39,118.45
2025-08-14 18:19:00,118.45,118.63,117.99,118.09
2025-08-14 18:20:00,118.09,118.14,115.08,115.87
2025-08-14 18:21:00,115.87,117.24,115.53,116.87
2025-08-14 18:22:00,116.87,116.89,116.87,116.89
2025-08-14 18:23:00,116.89,117.09,115.94,116.21
2025-08-14 18:24:00,116.21,116.24,115.83,115.99
2025-08-14 18:25:00,115.99,119.7,115.6,118.07
2025-08-14 18:26:00,118.07,118.24,114.82,115.89
2025-08-14 18:27:00,115.89,116.28,114.0,114.79
2025-08-14 18:28:00,114.79,114.83,111.75,112.54
2025-08-14 18:29:00,112.54,112.77,110.86,111.41
2025-08-14 18:30:00,111.41,113.76,110.24,113.58
2025-08-14 18:31:00,113.58,114.48,110.33,111.58
2025-08-14 18:32:00,111.58,111.74,109.75,109.87
2025-08-14 18:33:00,109.87,110.14,108.67,109.22
2025-08-14 18:34:00,109.22,109.26,108.31,108.59
2025-08-14 18:35:00,108.59,108.77,106.46,106.66
2025-08-14 18:36:00,106.66,106.8,104.32,104.82
2025-08-14 18:37:00,104.82,106.88,104.37,106.71
2025-08-14 18:38:00,106.71,107.55,106.44,107.29
2025-08-14 18:39:00,107.29,110.08,107.19,109.25
2025-08-14 18:40:00,109.25,110.04,105.9,107.25
2025-08-14 18:41:00,107.25,110.38,106.79,108.94
2025-08-14 18:42:00,108.94,109.6,106.33,107.52
2025-08-14 18:43:00,107.52,108.28,107.44,108.16
2025-08-14 18:44:00,108.16,108.42,108.14,108.4
2025-08-14 18:45:00,108.4,108.62,108.37,108.57
2025-08-14 18:46:00,108.57,108.92,105.73,106.69
2025-08-14 18:47:00,106.69,108.85,105.93,108.18
2025-08-14 18:48:00,108.18,110.38,107.61,109.99
2025-08-14 18:49:00,109.99,110.03,107.59,108.34
2025-08-14 18:50:00,108.34,108.76,106.44,106.6
2025-08-14 18:51:00,106.6,107.4,106.47,107.19
2025-08-14 18:52:00,107.19,108.95,106.94,108.83
2025-08-14 18:53:00,108.83,109.17,107.91,107.92
2025-08-14 18:54:00,107.92,108.08,107.88,108.01
2025-08-14 18:55:00,108.01,108.29,107.96,108.21
2025-08-14 18:56:00,108.21,109.86,108.08,109.65
2025-08-14 18:57:00,109.65,113.59,109.51,111.72
2025-08-14 18:58:00,111.72,112.5,111.68,112.31
2025-08-14 18:59:00,112.31,112.47,110.62,111.38
2025-08-14 19:00:00,111.38,112.73,110.96,112.53
2025-08-14 19:01:00,112.53,113.62,112.46,113.32
2025-08-14 19:02:00,113.32,116.52,112.82,115.38
2025-08-14 19:03:00,115.38,115.71,113.52,113.98
2025-08-14 19:04:00,113.98,114.05,113.7,113.7
2025-08-14 19:05:00,113.7,115.88,113.37,115.36
2025-08-14 19:06:00,115.36,116.96,115.02,116.39
2025-08-14 19:07:00,116.39,117.13,116.38,116.96
2025-08-14 19:08:00,116.96,117.93,116.86,117.67
2025-08-14 19:09:00,117.67,117.99,116.68,116.77
2025-08-14 19:10:00,116.77,116.77,116.1,116.22
2025-08-14 19:11:00,116.22,117.6,115.93,117.14
2025-08-14 19:12:00,117.14,118.08,116.99,118.01
2025-08-14 19:13:00,118.01,118.15,117.35,117.41
2025-08-14 19:14:00,117.41,117.53,116.02,116.24
2025-08-14 19:15:00,116.24,116.37,115.61,115.63
2025-08-14 19:16:00,115.63,115.86,114.14,114.25
2025-08-14 19:17:00,114.25,115.15,110.78,112.01
2025-08-14 19:18:00,112.01,112.06,110.14,110.44
2025-08-14 19:19:00,110.44,110.49,109.04,109.06
2025-08-14 19:20:00,109.06,111.92,108.31,111.08
2025-08-14 19:21:00,111.08,111.09,110.85,110.88
2025-08-14 19:22:00,110.88,110.92,110.39,110.55
2025-08-14 19:23:00,110.55,110.58,109.28,109.57
2025-08-14 19:24:00,109.57,111.83,109.5,111.24
2025-08-14 19:25:00,111.24,111.39,109.23,110.08
2025-08-14 19:26:00,110.08,112.36,109.64,112.04
2025-08-14 19:27:00,112.04,112.17,109.14,110.4
2025-08-14 19:28:00,110.4,111.7,109.83,111.59
2025-08-14 19:29:00,111.59,112.85,111.35,112.66
2025-08-14 19:30:00,112.66,113.33,112.46,113.18
2025-08-14 19:31:00,113.18,113.98,110.59,111.01
2025-08-14 19:32:00,111.01,111.16,109.97,110.28
2025-08-14 19:33:00,110.28,111.63,110.22,111.51
2025-08-14 19:34:00,111.51,111.77,109.68,109.75
2025-08-14 19:35:00,109.75,109.76,108.74,108.84
2025-08-14 19:36:00,108.84,109.27,108.82,109.16
2025-08-14 19:37:00,109.16,109.99,109.16,109.77
2025-08-14 19:38:00,109.77,111.33,109.49,110.82
2025-08-14 19:39:00,110.82,111.5,110.69,111.3
2025-08-14 19:40:00,111.3,114.04,110.61,113.16
2025-08-14 19:41:00,113.16,115.56,112.67,115.26
2025-08-14 19:42:00,115.26,115.49,113.24,113.36
2025-08-14 19:43:00,113.36,115.37,113.0,115.02
2025-08-14 19:44:00,115.02,116.47,114.72,115.91
2025-08-14 19:45:00,115.91,116.75,113.01,114.02
2025-08-14 19:46:00,114.02,114.78,111.07,112.25
2025-08-14 19:47:00,112.25,112.37,111.47,111.72
2025-08-14 19:48:00,111.72,112.64,111.54,112.31
2025-08-14 19:49:00,112.31,112.47,109.98,110.77
2025-08-14 19:50:00,110.77,111.02,110.72,110.92
2025-08-14 19:51:00,110.92,110.96,110.03,110.15
2025-08-14 19:52:00,110.15,111.54,109.82,111.1
2025-08-14 19:53:00,111.1,113.57,110.25,113.16
2025-08-14 19:54:00,113.16,115.91,112.28,115.31
2025-08-14 19:55:00,115.31,118.29,114.79,117.38
2025-08-14 19:56:00,117.38,117.62,115.09,115.22
2025-08-14 19:57:00,115.22,116.82,115.09,116.8
2025-08-14 19:58:00,116.8,117.11,115.98,116.15
2025-08-14 19:59:00,116.15,116.7,114.63,114.92
2025-08-14 20:00:00,114.92,115.59,111.97,112.86
2025-08-14 20:01:00,112.86,113.19,110.65,110.89
2025-08-14 20:02:00,110.89,111.43,109.12,109.34
2025-08-14 20:03:00,109.34,109.98,107.75,108.16
2025-08-14 20:04:00,108.16,110.11,108.15,109.55
2025-08-14 20:05:00,109.55,109.64,108.48,108.77
2025-08-14 20:06:00,108.77,112.07,108.14,110.73
2025-08-14 20:07:00,110.73,112.29,110.73,111.97
2025-08-14 20:08:00,111.97,112.81,111.86,112.54
2025-08-14 20:09:00,112.54,113.12,110.81,110.85
2025-08-14 20:10:00,110.85,113.06,110.43,112.16
2025-08-14 20:11:00,112.16,115.13,111.86,113.94
2025-08-14 20:12:00,113.94,114.28,111.04,111.68
2025-08-14 20:13:00,111.68,113.46,111.3,113.2
2025-08-14 20:14:00,113.2,113.35,111.76,112.17
2025-08-14 20:15:00,112.17,112.22,111.78,111.81
2025-08-14 20:16:00,111.81,114.13,111.18,113.8
2025-08-14 20:17:00,113.8,114.51,113.72,114.37
2025-08-14 20:18:00,114.37,116.36,114.36,115.81
2025-08-14 20:19:00,115.81,117.22,115.59,117.05
2025-08-14 20:20:00,117.05,117.09,117.04,117.09
2025-08-14 20:21:00,117.09,118.01,116.8,117.85
2025-08-14 20:22:00,117.85,118.33,115.92,116.23
2025-08-14 20:23:00,116.23,116.29,114.96,115.34
2025-08-14 20:24:00,115.34,117.31,115.1,116.61
2025-08-14 20:25:00,116.61,119.74,116.04,118.85
2025-08-14 20:26:00,118.85,119.85,116.76,117.0
2025-08-14 20:27:00,117.0,117.81,116.99,117.56
2025-08-14 20:28:00,117.56,120.09,117.06,119.15
2025-08-14 20:29:00,119.15,119.68,117.02,117.74
2025-08-14 20:30:00,117.74,118.54,115.2,115.64
2025-08-14 20:31:00,115.64,116.01,115.62,115.93
2025-08-14 20:32:00,115.93,116.2,113.98,114.11
2025-08-14 20:33:00,114.11,115.6,113.77,115.01
2025-08-14 20:34:00,115.01,117.15,114.67,116.31
2025-08-14 20:35:00,116.31,117.14,116.3,116.84
2025-08-14 20:36:00,116.84,117.71,114.07,114.53
2025-08-14 20:37:00,114.53,116.22,114.41,115.47
2025-08-14 20:38:00,115.47,118.85,115.38,117.46
2025-08-14 20:39:00,117.46,117.89,115.95,116.39
2025-08-14 20:40:00,116.39,116.4,116.37,116.37
2025-08-14 20:41:00,116.37,116.92,112.89,114.43
2025-08-14 20:42:00,114.43,116.91,113.93,116.51
2025-08-14 20:43:00,116.51,116.51,116.5,116.5
2025-08-14 20:44:00,116.5,117.2,116.43,117.01
2025-08-14 20:45:00,117.01,119.11,116.79,118.92
2025-08-14 20:46:00,118.92,120.15,116.51,116.7
2025-08-14 20:47:00,116.7,119.32,116.14,118.46
2025-08-14 20:48:00,118.46,118.86,116.68,117.08
2025-08-14 20:49:00,117.08,118.13,116.79,118.0
2025-08-14 20:50:00,118.0,118.56,116.01,116.32
2025-08-14 20:51:00,116.32,117.93,116.0,117.39
2025-08-14 20:52:00,117.39,119.18,117.26,118.46
2025-08-14 20:53:00,118.46,121.13,118.4,120.14
2025-08-14 20:54:00,120.14,123.79,119.04,122.1
2025-08-14 20:55:00,122.1,123.97,121.66,123.53
2025-08-14 20:56:00,123.53,123.89,123.45,123.76
2025-08-14 20:57:00,123.76,127.06,123.4,125.49
2025-08-14 20:58:00,125.49,125.5,125.42,125.43
2025-08-14 20:59:00,125.43,126.49,125.22,126.14
2025-08-14 21:00:00,126.14,129.15,126.12,128.08
2025-08-14 21:01:00,128.08,128.37,126.83,126.99
2025-08-14 21:02:00,126.99,129.22,126.97,128.96
2025-08-14 21:03:00,128.96,132.82,128.31,131.26
2025-08-14 21:04:00,131.26,131.5,129.17,129.89
2025-08-14 21:05:00,129.89,130.0,129.3,129.49
2025-08-14 21:06:00,129.49,129.52,129.14,129.15
2025-08-14 21:07:00,129.15,129.21,128.82,128.96
2025-08-14 21:08:00,128.96,130.73,128.03,130.58
2025-08-14 21:09:00,130.58,131.34,128.43,128.93
2025-08-14 21:10:00,128.93,129.48,128.71,129.46
2025-08-14 21:11:00,129.46,131.71,128.97,131.71
2025-08-14 21:12:00,131.71,134.41,131.65,133.35
2025-08-14 21:13:00,133.35,133.39,131.96,132.16
2025-08-14 21:14:00,132.16,134.68,131.8,133.74
2025-08-14 21:15:00,133.74,133.89,131.43,132.27
2025-08-14 21:16:00,132.27,132.39,130.65,131.05
2025-08-14 21:17:00,131.05,131.86,130.76,131.68
2025-08-14 21:18:00,131.68,131.84,130.56,130.84
2025-08-14 21:19:00,130.84,134.29,130.31,133.41
2025-08-14 21:20:00,133.41,137.88,133.2,135.98
2025-08-14 21:21:00,135.98,136.09,134.5,134.78
2025-08-14 21:22:00,134.78,135.04,133.19,133.7
2025-08-14 21:23:00,133.7,133.72,133.61,133.65
2025-08-14 21:24:00,133.65,134.43,133.58,134.24
2025-08-14 21:25:00,134.24,134.41,132.97,133.35
2025-08-14 21:26:00,133.35,133.53,132.67,132.88
2025-08-14 21:27:00,132.88,135.61,132.09,134.45
2025-08-14 21:28:00,134.45,134.54,131.85,132.79
2025-08-14 21:29:00,132.79,133.44,129.0,130.39
2025-08-14 21:30:00,130.39,130.77,128.12,128.87
2025-08-14 21:31:00,128.87,128.99,127.63,128.16
2025-08-14 21:32:00,128.16,128.52,128.09,128.4
2025-08-14 21:33:00,128.4,128.82,126.86,127.57
2025-08-14 21:34:00,127.57,128.39,124.87,125.46
2025-08-14 21:35:00,125.46,125.74,125.44,125.74
2025-08-14 21:36:00,125.74,125.74,124.66,124.76
2025-08-14 21:37:00,124.76,125.99,124.68,125.48
2025-08-14 21:38:00,125.48,128.0,125.25,127.84
2025-08-14 21:39:00,127.84,127.95,127.3,127.45
2025-08-14 21:40:00,127.45,129.97,126.52,129.31
2025-08-14 21:41:00,129.31,129.71,129.3,129.58
2025-08-14 21:42:00,129.58,129.83,128.75,128.95
2025-08-14 21:43:00,128.95,128.96,128.06,128.1
2025-08-14 21:44:00,128.1,128.16,125.66,126.02
2025-08-14 21:45:00,126.02,128.33,125.61,127.66
2025-08-14 21:46:00,127.66,127.91,127.61,127.84
2025-08-14 21:47:00,127.84,127.85,127.77,127.78
2025-08-14 21:48:00,127.78,129.14,127.46,128.58
2025-08-14 21:49:00,128.58,129.85,128.33,129.36
2025-08-14 21:50:00,129.36,131.69,129.27,131.03
2025-08-14 21:51:00,131.03,133.47,130.62,132.47
2025-08-14 21:52:00,132.47,135.51,131.98,134.33
2025-08-14 21:53:00,134.33,135.98,134.12,135.78
2025-08-14 21:54:00,135.78,136.8,135.47,136.48
2025-08-14 21:55:00,136.48,137.09,134.69,135.15
2025-08-14 21:56:00,135.15,138.27,134.77,137.5
2025-08-14 21:57:00,137.5,137.62,136.05,136.67
2025-08-14 21:58:00,136.67,139.39,136.2,139.07
2025-08-14 21:59:00,139.07,139.94,138.87,139.71
2025-08-14 22:00:00,139.71,140.31,137.55,137.57
2025-08-14 22:01:00,137.57,139.99,137.5,139.12
2025-08-14 22:02:00,139.12,139.96,138.9,139.62
2025-08-14 22:03:00,139.62,140.52,134.64,136.84
2025-08-14 22:04:00,136.84,137.8,134.6,134.65
2025-08-14 22:05:00,134.65,134.67,134.59,134.59
2025-08-14 22:06:00,134.59,135.43,131.11,132.4
2025-08-14 22:07:00,132.4,132.88,128.95,130.06
2025-08-14 22:08:00,130.06,130.33,128.25,129.05
2025-08-14 22:09:00,129.05,129.63,126.41,127.13
2025-08-14 22:10:00,127.13,127.66,124.63,125.38
2025-08-14 22:11:00,125.38,125.4,124.5,124.86
2025-08-14 22:12:00,124.86,125.4,124.83,125.2
2025-08-14 22:13:00,125.2,125.37,124.16,124.24
2025-08-14 22:14:00,124.24,124.51,123.16,123.28
2025-08-14 22:15:00,123.28,123.3,121.44,121.82
2025-08-14 22:16:00,121.82,122.29,118.66,119.93
2025-08-14 22:17:00,119.93,120.01,119.69,119.76
2025-08-14 22:18:00,119.76,121.33,119.22,120.83
2025-08-14 22:19:00,120.83,121.62,120.8,121.31
2025-08-14 22:20:00,121.31,121.7,119.68,119.89
2025-08-14 22:21:00,119.89,120.02,118.06,118.32
2025-08-14 22:22:00,118.32,118.71,118.22,118.69
2025-08-14 22:23:00,118.69,118.97,116.32,117.33
2025-08-14 22:24:00,117.33,117.62,115.46,115.94
2025-08-14 22:25:00,115.94,117.83,115.55,117.25
2025-08-14 22:26:00,117.25,117.6,115.19,115.67
2025-08-14 22:27:00,115.67,115.97,113.13,114.17
2025-08-14 22:28:00,114.17,114.73,111.65,112.52
2025-08-14 22:29:00,112.52,112.98,112.34,112.96
2025-08-14 22:30:00,112.96,115.03,112.91,114.69
2025-08-14 22:31:00,114.69,116.7,114.49,115.98
2025-08-14 22:32:00,115.98,116.0,115.02,115.18
2025-08-14 22:33:00,115.18,117.95,114.68,117.03
2025-08-14 22:34:00,117.03,119.23,116.41,118.98
2025-08-14 22:35:00,118.98,119.05,117.08,117.57
2025-08-14 22:36:00,117.57,118.1,115.44,116.19
2025-08-14 22:37:00,116.19,116.76,113.43,114.03
2025-08-14 22:38:00,114.03,116.69,113.38,115.93
2025-08-14 22:39:00,115.93,115.97,113.23,114.13
2025-08-14 22:40:00,114.13,114.15,113.47,113.53
2025-08-14 22:41:00,113.53,113.71,112.02,112.74
2025-08-14 22:42:00,112.74,113.4,112.66,113.24
2025-08-14 22:43:00,113.24,114.31,113.16,114.08
2025-08-14 22:44:00,114.08,116.43,113.29,116.34
2025-08-14 22:45:00,116.34,116.41,115.5,115.79
2025-08-14 22:46:00,115.79,116.34,114.38,114.7
2025-08-14 22:47:00,114.7,114.91,112.4,113.0
2025-08-14 22:48:00,113.0,113.01,112.69,112.8
2025-08-14 22:49:00,112.8,116.46,112.41,114.96
2025-08-14 22:50:00,114.96,115.76,114.9,115.61
2025-08-14 22:51:00,115.61,115.8,115.54,115.77
2025-08-14 22:52:00,115.77,117.95,115.52,117.09
2025-08-14 22:53:00,117.09,119.0,116.81,118.73
2025-08-14 22:54:00,118.73,118.73,118.73,118.73
2025-08-14 22:55:00,118.73,119.26,118.71,119.15
2025-08-14 22:56:00,119.15,120.13,119.03,120.03
2025-08-14 22:57:00,120.03,120.39,118.13,118.77
2025-08-14 22:58:00,118.77,120.78,118.67,120.1
2025-08-14 22:59:00,120.1,120.19,120.07,120.18
2025-08-14 23:00:00,120.18,120.18,117.02,117.87
2025-08-14 23:01:00,117.87,118.15,116.92,117.29
2025-08-14 23:02:00,117.29,117.32,115.87,116.38
2025-08-14 23:03:00,116.38,117.16,112.44,114.29
2025-08-14 23:04:00,114.29,114.4,113.91,113.95
2025-08-14 23:05:00,113.95,114.05,111.4,111.73
2025-08-14 23:06:00,111.73,112.12,111.68,112.08
2025-08-14 23:07:00,112.08,112.1,109.56,110.19
2025-08-14 23:08:00,110.19,110.55,108.77,108.97
2025-08-14 23:09:00,108.97,108.99,108.77,108.85
2025-08-14 23:10:00,108.85,108.95,107.87,108.11
2025-08-14 23:11:00,108.11,108.24,107.41,107.57
2025-08-14 23:12:00,107.57,107.74,106.75,106.95
2025-08-14 23:13:00,106.95,107.02,106.77,106.78
2025-08-14 23:14:00,106.78,107.07,106.67,107.02
2025-08-14 23:15:00,107.02,107.08,106.22,106.36
2025-08-14 23:16:00,106.36,106.5,105.9,105.96
2025-08-14 23:17:00,105.96,105.98,105.79,105.82
2025-08-14 23:18:00,105.82,105.88,105.23,105.46
2025-08-14 23:19:00,105.46,106.71,105.24,106.27
2025-08-14 23:20:00,106.27,106.88,103.9,104.6
2025-08-14 23:21:00,104.6,105.01,103.37,103.47
2025-08-14 23:22:00,103.47,105.49,103.4,104.79
2025-08-14 23:23:00,104.79,104.87,104.31,104.34
2025-08-14 23:24:00,104.34,104.85,101.68,102.39
2025-08-14 23:25:00,102.39,105.51,102.33,104.29
2025-08-14 23:26:00,104.29,105.18,104.09,104.8
2025-08-14 23:27:00,104.8,105.25,104.67,105.16
2025-08-14 23:28:00,105.16,105.7,105.14,105.49
2025-08-14 23:29:00,105.49,105.56,104.54,104.83
2025-08-14 23:30:00,104.83,105.57,102.45,103.26
2025-08-14 23:31:00,103.26,103.7,100.79,101.26
2025-08-14 23:32:00,101.26,101.8,98.68,99.7
2025-08-14 23:33:00,99.7,99.7,99.12,99.33
2025-08-14 23:34:00,99.33,99.89,96.93,97.6
2025-08-14 23:35:00,97.6,97.62,95.16,95.86
2025-08-14 23:36:00,95.86,95.89,95.18,95.45
2025-08-14 23:37:00,95.45,95.88,95.45,95.72
2025-08-14 23:38:00,95.72,96.7,95.61,96.33
2025-08-14 23:39:00,96.33,96.73,94.55,95.19
2025-08-14 23:40:00,95.19,95.21,94.2,94.67
2025-08-14 23:41:00,94.67,96.28,94.49,96.22
2025-08-14 23:42:00,96.22,98.13,96.14,97.84
2025-08-14 23:43:00,97.84,98.0,97.05,97.29
2025-08-14 23:44:00,97.29,97.31,97.06,97.11
2025-08-14 23:45:00,97.11,97.62,96.97,97.59
2025-08-14 23:46:00,97.59,97.59,96.04,96.6
2025-08-14 23:47:00,96.6,97.39,96.53,97.27
2025-08-14 23:48:00,97.27,97.59,97.23,97.51
2025-08-14 23:49:00,97.51,98.54,97.34,98.35
2025-08-14 23:50:00,98.35,98.89,98.23,98.73
2025-08-14 23:51:00,98.73,99.04,97.29,97.87
2025-08-14 23:52:00,97.87,97.9,97.71,97.76
2025-08-14 23:53:00,97.76,97.78,97.6,97.64
2025-08-14 23:54:00,97.64,99.19,97.51,98.49
2025-08-14 23:55:00,98.49,99.16,98.42,99.04
2025-08-14 23:56:00,99.04,100.18,98.67,100.09
2025-08-14 23:57:00,100.09,100.27,98.83,99.03
2025-08-14 23:58:00,99.03,99.66,98.87,99.62
2025-08-14 23:59:00,99.62,101.22,99.51,100.81
2025-08-15 00:00:00,100.81,101.18,100.8,101.03
2025-08-15 00:01:00,101.03,103.81,100.79,102.91
2025-08-15 00:02:00,102.91,105.17,102.68,104.33
2025-08-15 00:03:00,104.33,104.51,103.63,103.72
2025-08-15 00:04:00,103.72,103.84,101.82,102.23
2025-08-15 00:05:00,102.23,104.32,102.19,103.76
2025-08-15 00:06:00,103.76,106.85,103.62,105.57
2025-08-15 00:07:00,105.57,105.61,103.74,104.45
2025-08-15 00:08:00,104.45,106.48,103.76,105.89
2025-08-15 00:09:00,105.89,106.13,104.54,104.81
2025-08-15 00:10:00,104.81,104.84,104.53,104.63
2025-08-15 00:11:00,104.63,107.69,104.12,106.35
2025-08-15 00:12:00,106.35,106.54,106.34,106.53
2025-08-15 00:13:00,106.53,107.89,106.29,107.65
2025-08-15 00:14:00,107.65,107.71,107.08,107.27
2025-08-15 00:15:00,107.27,108.03,107.12,107.77
2025-08-15 00:16:00,107.77,107.8,107.2,107.39
2025-08-15 00:17:00,107.39,107.76,105.52,105.75
2025-08-15 00:18:00,105.75,106.02,105.68,105.95
2025-08-15 00:19:00,105.95,107.24,105.52,107.02
2025-08-15 00:20:00,107.02,108.59,106.93,107.83
2025-08-15 00:21:00,107.83,107.85,106.41,106.44
2025-08-15 00:22:00,106.44,106.74,104.85,105.13
2025-08-15 00:23:00,105.13,105.97,104.9,105.72
2025-08-15 00:24:00,105.72,106.08,105.6,106.0
2025-08-15 00:25:00,106.0,106.24,105.97,106.24
2025-08-15 00:26:00,106.24,108.41,106.2,107.91
2025-08-15 00:27:00,107.91,108.12,107.15,107.43
2025-08-15 00:28:00,107.43,107.47,106.36,106.61
2025-08-15 00:29:00,106.61,107.14,106.44,107.05
2025-08-15 00:30:00,107.05,107.23,104.99,105.62
2025-08-15 00:31:00,105.62,106.8,101.69,103.52
2025-08-15 00:32:00,103.52,105.15,103.52,104.48
2025-08-15 00:33:00,104.48,107.42,104.34,106.34
2025-08-15 00:34:00,106.34,106.36,106.24,106.29
2025-08-15 00:35:00,106.29,106.4,106.25,106.37
2025-08-15 00:36:00,106.37,107.59,106.35,107.39
2025-08-15 00:37:00,107.39,107.59,106.28,106.68
2025-08-15 00:38:00,106.68,107.81,106.27,107.77
2025-08-15 00:39:00,107.77,108.46,107.51,108.32
2025-08-15 00:40:00,108.32,110.56,108.21,109.79
2025-08-15 00:41:00,109.79,109.8,109.67,109.72
2025-08-15 00:42:00,109.72,112.07,109.3,111.09
2025-08-15 00:43:00,111.09,111.22,109.5,109.61
2025-08-15 00:44:00,109.61,110.7,109.54,110.44
2025-08-15 00:45:00,110.44,110.77,108.49,108.9
2025-08-15 00:46:00,108.9,108.94,108.33,108.51
2025-08-15 00:47:00,108.51,108.82,106.97,107.35
2025-08-15 00:48:00,107.35,107.75,107.24,107.58
2025-08-15 00:49:00,107.58,108.11,105.3,106.27
2025-08-15 00:50:00,106.27,107.01,105.99,106.98
2025-08-15 00:51:00,106.98,107.87,106.77,107.5
2025-08-15 00:52:00,107.5,107.94,104.2,105.54
2025-08-15 00:53:00,105.54,106.52,105.44,106.33
2025-08-15 00:54:00,106.33,107.8,105.91,107.67
2025-08-15 00:55:00,107.67,107.78,107.22,107.29
2025-08-15 00:56:00,107.29,108.4,106.85,108.37
2025-08-15 00:57:00,108.37,108.52,107.05,107.7
2025-08-15 00:58:00,107.7,108.21,104.71,105.73
2025-08-15 00:59:00,105.73,107.77,105.42,107.6
2025-08-15 01:00:00,107.6,108.17,107.56,107.91
2025-08-15 01:01:00,107.91,108.18,104.57,106.01
2025-08-15 01:02:00,106.01,106.57,103.26,104.36
2025-08-15 01:03:00,104.36,104.46,101.75,102.73
2025-08-15 01:04:00,102.73,104.46,102.06,104.05
2025-08-15 01:05:00,104.05,105.09,103.96,105.04
2025-08-15 01:06:00,105.04,105.56,102.6,103.47
2025-08-15 01:07:00,103.47,105.92,102.77,105.14
2025-08-15 01:08:00,105.14,105.86,105.06,105.62
2025-08-15 01:09:00,105.62,105.93,104.25,104.3
2025-08-15 01:10:00,104.3,105.3,104.27,105.02
2025-08-15 01:11:00,105.02,105.03,104.71,104.81
2025-08-15 01:12:00,104.81,104.82,104.67,104.7
2025-08-15 01:13:00,104.7,104.74,104.11,104.22
2025-08-15 01:14:00,104.22,104.36,103.59,103.66
2025-08-15 01:15:00,103.66,106.8,103.45,105.44
2025-08-15 01:16:00,105.44,105.62,104.31,104.68
2025-08-15 01:17:00,104.68,104.72,104.24,104.41
2025-08-15 01:18:00,104.41,105.15,104.31,104.97
2025-08-15 01:19:00,104.97,107.13,104.44,106.54
2025-08-15 01:20:00,106.54,109.05,106.1,108.34
2025-08-15 01:21:00,108.34,109.04,108.27,108.92
2025-08-15 01:22:00,108.92,108.99,108.64,108.65
2025-08-15 01:23:00,108.65,109.88,108.32,109.39
2025-08-15 01:24:00,109.39,109.57,108.39,108.83
2025-08-15 01:25:00,108.83,108.88,108.59,108.67
2025-08-15 01:26:00,108.67,108.69,108.59,108.61
2025-08-15 01:27:00,108.61,108.72,107.38,107.66
2025-08-15 01:28:00,107.66,107.81,107.2,107.22
2025-08-15 01:29:00,107.22,109.46,106.99,108.77
2025-08-15 01:30:00,108.77,109.44,106.89,107.23
2025-08-15 01:31:00,107.23,109.15,106.8,108.85
2025-08-15 01:32:00,108.85,110.52,108.67,110.13
2025-08-15 01:33:00,110.13,110.7,107.71,108.26
2025-08-15 01:34:00,108.26,109.76,107.83,109.14
2025-08-15 01:35:00,109.14,109.44,106.24,107.49
2025-08-15 01:36:00,107.49,108.04,105.32,105.86
2025-08-15 01:37:00,105.86,108.14,105.25,107.64
2025-08-15 01:38:00,107.64,107.91,105.32,106.23
2025-08-15 01:39:00,106.23,109.18,105.83,107.9
2025-08-15 01:40:00,107.9,107.9,107.84,107.85
2025-08-15 01:41:00,107.85,108.24,105.62,106.33
2025-08-15 01:42:00,106.33,106.33,106.32,106.32
2025-08-15 01:43:00,106.32,106.4,105.87,106.07
2025-08-15 01:44:00,106.07,106.1,103.49,104.41
2025-08-15 01:45:00,104.41,106.71,104.23,105.81
2025-08-15 01:46:00,105.81,105.86,105.36,105.39
2025-08-15 01:47:00,105.39,105.65,105.33,105.55
2025-08-15 01:48:00,105.55,107.47,105.16,107.16
2025-08-15 01:49:00,107.16,108.12,106.88,107.81
2025-08-15 01:50:00,107.81,109.3,107.45,108.72
2025-08-15 01:51:00,108.72,108.75,106.55,107.07
2025-08-15 01:52:00,107.07,107.15,106.61,106.74
2025-08-15 01:53:00,106.74,106.92,104.52,105.31
2025-08-15 01:54:00,105.31,107.5,104.84,106.79
2025-08-15 01:55:00,106.79,106.81,106.04,106.29
2025-08-15 01:56:00,106.29,107.48,106.03,107.32
2025-08-15 01:57:00,107.32,107.34,107.14,107.17
2025-08-15 01:58:00,107.17,107.4,106.26,106.45
2025-08-15 01:59:00,106.45,106.47,105.62,105.82
2025-08-15 02:00:00,105.82,105.82,105.82,105.82
2025-08-15 02:01:00,105.82,106.05,104.74,105.08
2025-08-15 02:02:00,105.08,105.3,105.05,105.22
2025-08-15 02:03:00,105.22,107.04,104.76,106.95
2025-08-15 02:04:00,106.95,107.87,104.93,105.17
2025-08-15 02:05:00,105.17,105.4,104.29,104.4
2025-08-15 02:06:00,104.4,104.41,104.34,104.35
2025-08-15 02:07:00,104.35,104.61,103.56,103.82
2025-08-15 02:08:00,103.82,103.84,103.56,103.58
2025-08-15 02:09:00,103.58,104.07,103.39,103.93
